{
	"name": "loremaster",
	"title": "Lore Master",
	"description": ".",
	"version": "0.0.1",
	"author": "OIiver-D",
	"scripts": ["bundle.js"],
	"styles": [
		"lazrius-foundry-template.css"
	],
	"languages": [],
	"minimumCoreVersion": "0.8.8",
	"compatibleCoreVersion": "0.8.8",
	"url": "https://github.com/OIiver-D/loremaster",
	"manifest": "https://raw.githubusercontent.com/OIiver-D/loremaster/master/Source/module.json",
	"download": "https://raw.githubusercontent.com/OIiver-D/loremaster/v0.0.1/dist/loremaster-v0.0.1.zip"
}